step,time,k_before,k_after
0,0,446020,446020
1,0.01,445853,445853
2,0.02,445352,445352
3,0.03,444517,444517
4,0.04,443350,443350
5,0.05,441853,441853
6,0.06,440026,440026
7,0.07,437873,437873
8,0.08,435396,435396
9,0.09,432598,432598
10,0.1,429483,429483
11,0.11,426055,426054
12,0.12,422317,422317
13,0.13,418274,418274
14,0.14,413933,413932
15,0.15,409297,409297
16,0.16,404372,404372
17,0.17,399166,399166
18,0.18,393684,393684
19,0.19,387932,387932
20,0.2,381919,381919
21,0.21,375651,375651
22,0.22,369136,369136
23,0.23,362382,362382
24,0.24,355398,355398
25,0.25,348190,348190
26,0.26,340769,340769
27,0.27,333144,333144
28,0.28,325322,325322
29,0.29,317315,317314
30,0.3,309130,309130
31,0.31,300778,300778
32,0.32,292268,292268
33,0.33,283611,283611
34,0.34,274817,274817
35,0.35,265895,265895
36,0.36,256856,256856
37,0.37,247710,247710
38,0.38,238468,238468
39,0.39,229140,229140
40,0.4,219736,219736
41,0.41,210267,210267
42,0.42,200743,200743
43,0.43,191175,191175
44,0.44,181572,181572
45,0.45,171946,171946
46,0.46,162306,162306
47,0.47,152662,152662
48,0.48,143025,143025
49,0.49,133405,133405
50,0.5,123810,123810
51,0.51,114252,114252
52,0.52,104738,104739
53,0.53,95279.7,95279.7
54,0.54,85884.5,85884.5
55,0.55,76561.9,76561.9
56,0.56,67320.5,67320.5
57,0.57,58168.8,58168.9
58,0.58,49115.1,49115.2
59,0.59,40167.4,40167.4
60,0.6,31333.4,31333.4
61,0.61,22620.6,22620.7
62,0.62,14036.3,14036.3
63,0.63,5587.26,5587.29
64,0.64,-2719.72,-2719.7
65,0.65,-10878.3,-10878.3
66,0.66,-18882.5,-18882.5
67,0.67,-26726.5,-26726.5
68,0.68,-34404.9,-34404.9
69,0.69,-41912.5,-41912.5
70,0.7,-49244.6,-49244.6
71,0.71,-56396.7,-56396.7
72,0.72,-63364.6,-63364.6
73,0.73,-70144.5,-70144.5
74,0.74,-76733,-76733
75,0.75,-83126.9,-83126.8
76,0.76,-89323.3,-89323.2
77,0.77,-95319.7,-95319.7
78,0.78,-101114,-101114
79,0.79,-106705,-106705
80,0.8,-112090,-112090
81,0.81,-117268,-117268
82,0.82,-122239,-122239
83,0.83,-127003,-127003
84,0.84,-131558,-131558
85,0.85,-135905,-135905
86,0.86,-140045,-140045
87,0.87,-143977,-143977
88,0.88,-147704,-147704
89,0.89,-151226,-151226
90,0.9,-154545,-154545
91,0.91,-157664,-157664
92,0.92,-160583,-160583
93,0.93,-163305,-163305
94,0.94,-165834,-165834
95,0.95,-168171,-168171
96,0.96,-170320,-170320
97,0.97,-172285,-172285
98,0.98,-174068,-174068
99,0.99,-175674,-175674
100,1,-177106,-177106
101,1.01,-178369,-178369
102,1.02,-179466,-179466
103,1.03,-180403,-180403
104,1.04,-181183,-181183
105,1.05,-181812,-181812
106,1.06,-182294,-182294
107,1.07,-182634,-182634
108,1.08,-182837,-182837
109,1.09,-182909,-182909
110,1.1,-182854,-182854
111,1.11,-182678,-182678
112,1.12,-182385,-182385
113,1.13,-181982,-181982
114,1.14,-181474,-181474
115,1.15,-180866,-180866
116,1.16,-180164,-180164
117,1.17,-179372,-179372
118,1.18,-178497,-178497
119,1.19,-177543,-177543
120,1.2,-176516,-176516
121,1.21,-175422,-175422
122,1.22,-174265,-174265
123,1.23,-173050,-173050
124,1.24,-171783,-171783
125,1.25,-170469,-170469
126,1.26,-169112,-169112
127,1.27,-167718,-167718
128,1.28,-166290,-166290
129,1.29,-164835,-164835
130,1.3,-163355,-163355
131,1.31,-161855,-161855
132,1.32,-160340,-160340
133,1.33,-158814,-158814
134,1.34,-157280,-157280
135,1.35,-155742,-155742
136,1.36,-154204,-154204
137,1.37,-152669,-152669
138,1.38,-151141,-151141
139,1.39,-149622,-149622
140,1.4,-148115,-148115
141,1.41,-146624,-146624
142,1.42,-145150,-145151
143,1.43,-143697,-143697
144,1.44,-142266,-142266
145,1.45,-140859,-140859
146,1.46,-139478,-139478
147,1.47,-138125,-138125
148,1.48,-136801,-136801
149,1.49,-135508,-135508
150,1.5,-134246,-134246
151,1.51,-133017,-133017
152,1.52,-131822,-131822
153,1.53,-130660,-130660
154,1.54,-129533,-129533
155,1.55,-128441,-128441
156,1.56,-127383,-127383
157,1.57,-126360,-126360
158,1.58,-125372,-125372
159,1.59,-124417,-124417
160,1.6,-123497,-123497
161,1.61,-122609,-122609
162,1.62,-121754,-121754
163,1.63,-120930,-120930
164,1.64,-120137,-120137
165,1.65,-119372,-119372
166,1.66,-118636,-118636
167,1.67,-117926,-117926
168,1.68,-117242,-117242
169,1.69,-116581,-116581
170,1.7,-115942,-115942
171,1.71,-115324,-115324
172,1.72,-114724,-114724
173,1.73,-114142,-114142
174,1.74,-113574,-113574
175,1.75,-113019,-113019
176,1.76,-112475,-112475
177,1.77,-111940,-111940
178,1.78,-111412,-111412
179,1.79,-110890,-110890
180,1.8,-110370,-110370
181,1.81,-109851,-109851
182,1.82,-109331,-109331
183,1.83,-108808,-108808
184,1.84,-108280,-108280
185,1.85,-107745,-107745
186,1.86,-107200,-107200
187,1.87,-106645,-106645
188,1.88,-106077,-106077
189,1.89,-105494,-105494
190,1.9,-104894,-104894
191,1.91,-104276,-104276
192,1.92,-103638,-103638
193,1.93,-102978,-102978
194,1.94,-102296,-102296
195,1.95,-101589,-101589
196,1.96,-100856,-100856
197,1.97,-100095,-100095
198,1.98,-99306.6,-99306.5
199,1.99,-98488.3,-98488.3
200,2,-97639.6,-97639.6
201,2.01,-96759.5,-96759.5
202,2.02,-95847,-95847
203,2.03,-94901.7,-94901.6
204,2.04,-93922.7,-93922.7
205,2.05,-92909.6,-92909.6
206,2.06,-91862.1,-91862.1
207,2.07,-90779.8,-90779.7
208,2.08,-89662.5,-89662.4
209,2.09,-88510.1,-88510.1
210,2.1,-87322.7,-87322.7
211,2.11,-86100.5,-86100.4
212,2.12,-84843.5,-84843.5
213,2.13,-83552.3,-83552.3
214,2.14,-82227.2,-82227.2
215,2.15,-80868.8,-80868.8
216,2.16,-79477.7,-79477.7
217,2.17,-78054.7,-78054.7
218,2.18,-76600.7,-76600.7
219,2.19,-75116.5,-75116.5
220,2.2,-73603.2,-73603.2
221,2.21,-72061.9,-72061.9
222,2.22,-70493.8,-70493.8
223,2.23,-68900.2,-68900.2
224,2.24,-67282.4,-67282.4
225,2.25,-65641.9,-65641.9
226,2.26,-63980.2,-63980.2
227,2.27,-62298.8,-62298.8
228,2.28,-60599.3,-60599.3
229,2.29,-58883.4,-58883.4
230,2.3,-57152.9,-57152.9
231,2.31,-55409.5,-55409.5
232,2.32,-53655.1,-53655.1
233,2.33,-51891.4,-51891.4
234,2.34,-50120.4,-50120.4
235,2.35,-48344,-48344
236,2.36,-46564.1,-46564.1
237,2.37,-44782.6,-44782.6
238,2.38,-43001.6,-43001.6
239,2.39,-41223,-41223
240,2.4,-39448.7,-39448.7
241,2.41,-37680.8,-37680.8
242,2.42,-35921.1,-35921.1
243,2.43,-34171.6,-34171.6
244,2.44,-32434.3,-32434.3
245,2.45,-30711,-30711
246,2.46,-29003.5,-29003.5
247,2.47,-27313.8,-27313.8
248,2.48,-25643.7,-25643.7
249,2.49,-23994.8,-23994.8
250,2.5,-22368.9,-22368.9
251,2.51,-20767.7,-20767.7
252,2.52,-19192.7,-19192.7
253,2.53,-17645.5,-17645.5
254,2.54,-16127.7,-16127.7
255,2.55,-14640.5,-14640.5
256,2.56,-13185.4,-13185.4
257,2.57,-11763.6,-11763.6
258,2.58,-10376.4,-10376.4
259,2.59,-9024.84,-9024.85
260,2.6,-7710.02,-7710.03
261,2.61,-6432.9,-6432.91
262,2.62,-5194.36,-5194.36
263,2.63,-3995.19,-3995.2
264,2.64,-2836.12,-2836.13
265,2.65,-1717.77,-1717.77
266,2.66,-640.668,-640.675
267,2.67,394.729,394.721
268,2.68,1388.07,1388.06
269,2.69,2339.08,2339.07
270,2.7,3247.6,3247.59
271,2.71,4113.53,4113.52
272,2.72,4936.88,4936.87
273,2.73,5717.74,5717.74
274,2.74,6456.31,6456.3
275,2.75,7152.84,7152.83
276,2.76,7807.7,7807.69
277,2.77,8421.33,8421.32
278,2.78,8994.25,8994.24
279,2.79,9527.07,9527.06
280,2.8,10020.5,10020.5
281,2.81,10475.2,10475.2
282,2.82,10892.1,10892.1
283,2.83,11272.2,11272.2
284,2.84,11616.2,11616.2
285,2.85,11925.4,11925.4
286,2.86,12200.8,12200.8
287,2.87,12443.6,12443.6
288,2.88,12654.9,12654.9
289,2.89,12836.1,12836.1
290,2.9,12988.5,12988.5
291,2.91,13113.4,13113.4
292,2.92,13212.3,13212.3
293,2.93,13286.6,13286.6
294,2.94,13337.7,13337.7
295,2.95,13367.2,13367.2
296,2.96,13376.7,13376.7
297,2.97,13367.5,13367.5
298,2.98,13341.4,13341.4
299,2.99,13299.9,13299.9
300,3,13244.6,13244.6
301,3.01,13177,13177
302,3.02,13098.8,13098.8
303,3.03,13011.6,13011.6
304,3.04,12916.8,12916.8
305,3.05,12816.2,12816.2
306,3.06,12711.3,12711.3
307,3.07,12603.5,12603.5
308,3.08,12494.4,12494.4
309,3.09,12385.4,12385.4
310,3.1,12278.1,12278.1
311,3.11,12173.7,12173.7
312,3.12,12073.8,12073.8
313,3.13,11979.6,11979.6
314,3.14,11892.4,11892.4
315,3.15,11813.4,11813.4
316,3.16,11743.9,11743.9
317,3.17,11685,11685
318,3.18,11637.6,11637.6
319,3.19,11603,11603
320,3.2,11582,11582
321,3.21,11575.5,11575.5
322,3.22,11584.3,11584.3
323,3.23,11609.3,11609.3
324,3.24,11651.1,11651.1
325,3.25,11710.3,11710.3
326,3.26,11787.6,11787.6
327,3.27,11883.3,11883.3
328,3.28,11998,11998
329,3.29,12131.9,12131.9
330,3.3,12285.3,12285.3
331,3.31,12458.4,12458.4
332,3.32,12651.4,12651.5
333,3.33,12864.4,12864.4
334,3.34,13097.2,13097.2
335,3.35,13349.8,13349.8
336,3.36,13622,13622
337,3.37,13913.6,13913.6
338,3.38,14224.4,14224.4
339,3.39,14553.9,14553.9
340,3.4,14901.7,14901.7
341,3.41,15267.4,15267.4
342,3.42,15650.3,15650.3
343,3.43,16049.8,16049.8
344,3.44,16465.4,16465.4
345,3.45,16896.2,16896.2
346,3.46,17341.5,17341.5
347,3.47,17800.4,17800.4
348,3.48,18272,18272
349,3.49,18755.5,18755.5
350,3.5,19249.9,19249.9
351,3.51,19754.1,19754.2
352,3.52,20267.2,20267.2
353,3.53,20788,20788
354,3.54,21315.5,21315.5
355,3.55,21848.5,21848.5
356,3.56,22385.8,22385.8
357,3.57,22926.3,22926.3
358,3.58,23468.9,23468.9
359,3.59,24012.2,24012.2
360,3.6,24555.2,24555.2
361,3.61,25096.5,25096.5
362,3.62,25635,25635
363,3.63,26169.4,26169.4
364,3.64,26698.5,26698.5
365,3.65,27221.2,27221.2
366,3.66,27736.2,27736.2
367,3.67,28242.4,28242.4
368,3.68,28738.6,28738.6
369,3.69,29223.6,29223.6
370,3.7,29696.4,29696.4
371,3.71,30155.8,30155.8
372,3.72,30600.8,30600.8
373,3.73,31030.3,31030.3
374,3.74,31443.5,31443.5
375,3.75,31839.3,31839.3
376,3.76,32216.7,32216.7
377,3.77,32575.1,32575.1
378,3.78,32913.4,32913.4
379,3.79,33231,33231
380,3.8,33527.2,33527.2
381,3.81,33801.2,33801.1
382,3.82,34052.4,34052.4
383,3.83,34280.2,34280.2
384,3.84,34484.3,34484.3
385,3.85,34664,34664
386,3.86,34819,34819
387,3.87,34949,34949
388,3.88,35053.7,35053.7
389,3.89,35132.8,35132.8
390,3.9,35186.3,35186.3
391,3.91,35214,35214
392,3.92,35215.9,35215.9
393,3.93,35192,35192
394,3.94,35142.4,35142.4
395,3.95,35067.3,35067.3
396,3.96,34966.9,34966.9
397,3.97,34841.4,34841.4
398,3.98,34691.1,34691.1
399,3.99,34516.5,34516.5
400,4,34318,34318
401,4.01,34096.1,34096.1
402,4.02,33851.3,33851.3
403,4.03,33584.3,33584.3
404,4.04,33295.6,33295.6
405,4.05,32986,32986
406,4.06,32656.2,32656.2
407,4.07,32307.1,32307.1
408,4.08,31939.4,31939.4
409,4.09,31554,31554
410,4.1,31151.8,31151.8
411,4.11,30733.7,30733.7
412,4.12,30300.8,30300.8
413,4.13,29854.1,29854.1
414,4.14,29394.4,29394.4
415,4.15,28923,28923
416,4.16,28440.9,28440.9
417,4.17,27949.1,27949.1
418,4.18,27448.9,27448.9
419,4.19,26941.2,26941.2
420,4.2,26427.2,26427.2
421,4.21,25908.1,25908.1
422,4.22,25385,25385
423,4.23,24859.1,24859.1
424,4.24,24331.4,24331.4
425,4.25,23803.1,23803.1
426,4.26,23275.3,23275.3
427,4.27,22749.2,22749.2
428,4.28,22225.8,22225.8
429,4.29,21706.1,21706.2
430,4.3,21191.4,21191.4
431,4.31,20682.6,20682.6
432,4.32,20180.7,20180.7
433,4.33,19686.7,19686.7
434,4.34,19201.5,19201.5
435,4.35,18726.2,18726.2
436,4.36,18261.5,18261.5
437,4.37,17808.3,17808.3
438,4.38,17367.5,17367.5
439,4.39,16939.8,16939.8
440,4.4,16526,16526
441,4.41,16126.7,16126.7
442,4.42,15742.5,15742.5
443,4.43,15374.1,15374.2
444,4.44,15022.1,15022.1
445,4.45,14686.9,14686.9
446,4.46,14368.9,14368.9
447,4.47,14068.6,14068.6
448,4.48,13786.3,13786.3
449,4.49,13522.3,13522.3
450,4.5,13276.9,13276.9
451,4.51,13050.2,13050.2
452,4.52,12842.3,12842.3
453,4.53,12653.3,12653.3
454,4.54,12483.3,12483.3
455,4.55,12332.3,12332.3
456,4.56,12200.1,12200.1
457,4.57,12086.6,12086.6
458,4.58,11991.6,11991.6
459,4.59,11914.9,11914.9
460,4.6,11856.2,11856.2
461,4.61,11815.2,11815.2
462,4.62,11791.4,11791.5
463,4.63,11784.6,11784.6
464,4.64,11794.1,11794.1
465,4.65,11819.4,11819.4
466,4.66,11860.1,11860.1
467,4.67,11915.4,11915.4
468,4.68,11984.8,11984.8
469,4.69,12067.6,12067.6
470,4.7,12163.1,12163.1
471,4.71,12270.5,12270.5
472,4.72,12389.1,12389.1
473,4.73,12518,12518
474,4.74,12656.5,12656.5
475,4.75,12803.7,12803.7
476,4.76,12958.8,12958.8
477,4.77,13120.7,13120.7
478,4.78,13288.8,13288.8
479,4.79,13461.9,13461.9
480,4.8,13639.3,13639.3
481,4.81,13819.9,13819.9
482,4.82,14002.9,14002.9
483,4.83,14187.3,14187.3
484,4.84,14372.1,14372.1
485,4.85,14556.5,14556.5
486,4.86,14739.5,14739.5
487,4.87,14920.1,14920.1
488,4.88,15097.5,15097.5
489,4.89,15270.8,15270.8
490,4.9,15439,15439
491,4.91,15601.4,15601.4
492,4.92,15757,15757
493,4.93,15905,15905
494,4.94,16044.6,16044.6
495,4.95,16175.2,16175.2
496,4.96,16295.8,16295.8
497,4.97,16405.8,16405.8
498,4.98,16504.5,16504.5
499,4.99,16591.3,16591.3
500,5,16665.5,16665.5
501,5.01,16726.6,16726.6
502,5.02,16774,16774
503,5.03,16807.2,16807.2
504,5.04,16825.8,16825.8
505,5.05,16829.3,16829.3
506,5.06,16817.4,16817.4
507,5.07,16789.8,16789.8
508,5.08,16746.1,16746.1
509,5.09,16686.2,16686.2
510,5.1,16609.8,16609.8
511,5.11,16516.8,16516.8
512,5.12,16407,16407
513,5.13,16280.6,16280.6
514,5.14,16137.3,16137.3
515,5.15,15977.4,15977.4
516,5.16,15800.8,15800.8
517,5.17,15607.7,15607.7
518,5.18,15398.3,15398.3
519,5.19,15172.8,15172.8
520,5.2,14931.4,14931.4
521,5.21,14674.6,14674.6
522,5.22,14402.6,14402.6
523,5.23,14115.8,14115.8
524,5.24,13814.7,13814.7
525,5.25,13499.7,13499.7
526,5.26,13171.4,13171.4
527,5.27,12830.3,12830.3
528,5.28,12477,12477
529,5.29,12112.1,12112.1
530,5.3,11736.2,11736.2
531,5.31,11350,11350
532,5.32,10954.3,10954.3
533,5.33,10549.7,10549.7
534,5.34,10137,10137
535,5.35,9716.98,9716.98
536,5.36,9290.41,9290.41
537,5.37,8858.1,8858.1
538,5.38,8420.87,8420.87
539,5.39,7979.56,7979.56
540,5.4,7535.01,7535.01
541,5.41,7088.07,7088.07
542,5.42,6639.59,6639.59
543,5.43,6190.44,6190.44
544,5.44,5741.48,5741.48
545,5.45,5293.56,5293.56
546,5.46,4847.55,4847.55
547,5.47,4404.28,4404.28
548,5.48,3964.6,3964.61
549,5.49,3529.35,3529.35
550,5.5,3099.33,3099.33
551,5.51,2675.35,2675.35
552,5.52,2258.2,2258.2
553,5.53,1848.64,1848.65
554,5.54,1447.42,1447.43
555,5.55,1055.27,1055.27
556,5.56,672.873,672.875
557,5.57,300.91,300.912
558,5.58,-59.9772,-59.9746
559,5.59,-409.174,-409.172
560,5.6,-746.099,-746.096
561,5.61,-1070.2,-1070.2
562,5.62,-1380.97,-1380.96
563,5.63,-1677.91,-1677.91
564,5.64,-1960.6,-1960.6
565,5.65,-2228.62,-2228.62
566,5.66,-2481.61,-2481.6
567,5.67,-2719.23,-2719.22
568,5.68,-2941.2,-2941.2
569,5.69,-3147.28,-3147.27
570,5.7,-3337.25,-3337.25
571,5.71,-3510.96,-3510.95
572,5.72,-3668.28,-3668.27
573,5.73,-3809.13,-3809.12
574,5.74,-3933.47,-3933.47
575,5.75,-4041.32,-4041.31
576,5.76,-4132.71,-4132.71
577,5.77,-4207.73,-4207.73
578,5.78,-4266.52,-4266.52
579,5.79,-4309.25,-4309.24
580,5.8,-4336.12,-4336.11
581,5.81,-4347.38,-4347.38
582,5.82,-4343.33,-4343.33
583,5.83,-4324.3,-4324.29
584,5.84,-4290.64,-4290.63
585,5.85,-4242.75,-4242.75
586,5.86,-4181.08,-4181.07
587,5.87,-4106.08,-4106.08
588,5.88,-4018.26,-4018.26
589,5.89,-3918.15,-3918.14
590,5.9,-3806.29,-3806.29
591,5.91,-3683.29,-3683.29
592,5.92,-3549.75,-3549.75
593,5.93,-3406.31,-3406.31
594,5.94,-3253.62,-3253.62
595,5.95,-3092.36,-3092.36
596,5.96,-2923.23,-2923.23
597,5.97,-2746.94,-2746.93
598,5.98,-2564.21,-2564.2
599,5.99,-2375.78,-2375.78
600,6,-2182.41,-2182.41
601,6.01,-1984.85,-1984.85
602,6.02,-1783.86,-1783.86
603,6.03,-1580.22,-1580.22
604,6.04,-1374.69,-1374.69
605,6.05,-1168.04,-1168.04
606,6.06,-961.049,-961.05
607,6.07,-754.472,-754.472
608,6.08,-549.068,-549.069
609,6.09,-345.589,-345.59
610,6.1,-144.774,-144.775
611,6.11,52.6497,52.6484
612,6.12,245.968,245.966
613,6.13,434.483,434.481
614,6.14,617.515,617.513
615,6.15,794.403,794.401
616,6.16,964.508,964.506
617,6.17,1127.21,1127.21
618,6.18,1281.93,1281.92
619,6.19,1428.08,1428.08
620,6.2,1565.14,1565.13
621,6.21,1692.59,1692.58
622,6.22,1809.95,1809.95
623,6.23,1916.78,1916.77
624,6.24,2012.65,2012.65
625,6.25,2097.18,2097.18
626,6.26,2170.03,2170.03
627,6.27,2230.88,2230.88
628,6.28,2279.45,2279.45
629,6.29,2315.51,2315.5
630,6.3,2338.83,2338.83
631,6.31,2349.26,2349.26
632,6.32,2346.67,2346.67
633,6.33,2330.96,2330.96
634,6.34,2302.09,2302.08
635,6.35,2260.02,2260.02
636,6.36,2204.8,2204.8
637,6.37,2136.47,2136.46
638,6.38,2055.13,2055.13
639,6.39,1960.92,1960.92
640,6.4,1854.01,1854
641,6.41,1734.6,1734.59
642,6.42,1602.94,1602.93
643,6.43,1459.3,1459.29
644,6.44,1303.99,1303.99
645,6.45,1137.36,1137.36
646,6.46,959.786,959.783
647,6.47,771.665,771.663
648,6.48,573.437,573.434
649,6.49,365.562,365.56
650,6.5,148.532,148.53
651,6.51,-77.1385,-77.1405
652,6.52,-310.911,-310.913
653,6.53,-552.225,-552.227
654,6.54,-800.497,-800.499
655,6.55,-1055.13,-1055.13
656,6.56,-1315.5,-1315.5
657,6.57,-1580.97,-1580.97
658,6.58,-1850.9,-1850.9
659,6.59,-2124.63,-2124.63
660,6.6,-2401.49,-2401.49
661,6.61,-2680.79,-2680.79
662,6.62,-2961.85,-2961.85
663,6.63,-3243.99,-3243.99
664,6.64,-3526.5,-3526.5
665,6.65,-3808.7,-3808.7
666,6.66,-4089.9,-4089.9
667,6.67,-4369.39,-4369.39
668,6.68,-4646.5,-4646.5
669,6.69,-4920.56,-4920.55
670,6.7,-5190.88,-5190.87
671,6.71,-5456.8,-5456.8
672,6.72,-5717.69,-5717.69
673,6.73,-5972.91,-5972.9
674,6.74,-6221.83,-6221.82
675,6.75,-6463.85,-6463.85
676,6.76,-6698.4,-6698.4
677,6.77,-6924.9,-6924.9
678,6.78,-7142.82,-7142.82
679,6.79,-7351.64,-7351.64
680,6.8,-7550.87,-7550.86
681,6.81,-7740.02,-7740.02
682,6.82,-7918.67,-7918.67
683,6.83,-8086.4,-8086.39
684,6.84,-8242.82,-8242.82
685,6.85,-8387.58,-8387.57
686,6.86,-8520.35,-8520.35
687,6.87,-8640.85,-8640.84
688,6.88,-8748.81,-8748.8
689,6.89,-8844,-8844
690,6.9,-8926.23,-8926.23
691,6.91,-8995.35,-8995.35
692,6.92,-9051.22,-9051.22
693,6.93,-9093.76,-9093.76
694,6.94,-9122.91,-9122.91
695,6.95,-9138.65,-9138.64
696,6.96,-9140.99,-9140.98
697,6.97,-9129.98,-9129.97
698,6.98,-9105.7,-9105.7
699,6.99,-9068.27,-9068.27
700,7,-9017.84,-9017.84
701,7.01,-8954.6,-8954.6
702,7.02,-8878.76,-8878.75
703,7.03,-8790.56,-8790.56
704,7.04,-8690.3,-8690.29
705,7.05,-8578.27,-8578.27
706,7.06,-8454.82,-8454.82
707,7.07,-8320.32,-8320.31
708,7.08,-8175.15,-8175.15
709,7.09,-8019.76,-8019.75
710,7.1,-7854.57,-7854.57
711,7.11,-7680.06,-7680.06
712,7.12,-7496.73,-7496.73
713,7.13,-7305.09,-7305.09
714,7.14,-7105.67,-7105.67
715,7.15,-6899.04,-6899.03
716,7.16,-6685.74,-6685.74
717,7.17,-6466.38,-6466.38
718,7.18,-6241.55,-6241.55
719,7.19,-6011.86,-6011.86
720,7.2,-5777.93,-5777.93
721,7.21,-5540.38,-5540.38
722,7.22,-5299.87,-5299.87
723,7.23,-5057.02,-5057.02
724,7.24,-4812.48,-4812.48
725,7.25,-4566.89,-4566.89
726,7.26,-4320.92,-4320.92
727,7.27,-4075.18,-4075.18
728,7.28,-3830.34,-3830.34
729,7.29,-3587.02,-3587.03
730,7.3,-3345.86,-3345.86
731,7.31,-3107.47,-3107.47
732,7.32,-2872.46,-2872.47
733,7.33,-2641.44,-2641.44
734,7.34,-2414.99,-2414.99
735,7.35,-2193.67,-2193.67
736,7.36,-1978.04,-1978.04
737,7.37,-1768.64,-1768.65
738,7.38,-1565.99,-1565.99
739,7.39,-1370.58,-1370.58
740,7.4,-1182.88,-1182.88
741,7.41,-1003.35,-1003.36
742,7.42,-832.421,-832.423
743,7.43,-670.485,-670.488
744,7.44,-517.923,-517.926
745,7.45,-375.084,-375.086
746,7.46,-242.288,-242.291
747,7.47,-119.829,-119.831
748,7.48,-7.96794,-7.97056
749,7.49,93.0613,93.0586
750,7.5,183.057,183.054
751,7.51,261.848,261.845
752,7.52,329.294,329.291
753,7.53,385.288,385.285
754,7.54,429.754,429.751
755,7.55,462.647,462.645
756,7.56,483.957,483.954
757,7.57,493.702,493.699
758,7.58,491.934,491.931
759,7.59,478.738,478.735
760,7.6,454.227,454.224
761,7.61,418.547,418.544
762,7.62,371.874,371.872
763,7.63,314.414,314.412
764,7.64,246.402,246.4
765,7.65,168.101,168.099
766,7.66,79.8019,79.7997
767,7.67,-18.1776,-18.1798
768,7.68,-125.494,-125.496
769,7.69,-241.778,-241.78
770,7.7,-366.639,-366.641
771,7.71,-499.661,-499.663
772,7.72,-640.408,-640.41
773,7.73,-788.424,-788.425
774,7.74,-943.233,-943.234
775,7.75,-1104.34,-1104.34
776,7.76,-1271.24,-1271.24
777,7.77,-1443.41,-1443.41
778,7.78,-1620.31,-1620.31
779,7.79,-1801.39,-1801.39
780,7.8,-1986.09,-1986.09
781,7.81,-2173.85,-2173.85
782,7.82,-2364.08,-2364.08
783,7.83,-2556.21,-2556.21
784,7.84,-2749.66,-2749.66
785,7.85,-2943.83,-2943.83
786,7.86,-3138.15,-3138.15
787,7.87,-3332.01,-3332.01
788,7.88,-3524.84,-3524.84
789,7.89,-3716.06,-3716.06
790,7.9,-3905.09,-3905.08
791,7.91,-4091.36,-4091.36
792,7.92,-4274.31,-4274.31
793,7.93,-4453.4,-4453.4
794,7.94,-4628.09,-4628.09
795,7.95,-4797.85,-4797.84
796,7.96,-4962.16,-4962.16
797,7.97,-5120.55,-5120.55
798,7.98,-5272.53,-5272.52
799,7.99,-5417.63,-5417.63
800,8,-5555.43,-5555.43
801,8.01,-5685.5,-5685.49
802,8.02,-5807.44,-5807.44
803,8.03,-5920.88,-5920.88
804,8.04,-6025.47,-6025.47
805,8.05,-6120.88,-6120.88
806,8.06,-6206.82,-6206.81
807,8.07,-6283,-6283
808,8.08,-6349.18,-6349.18
809,8.09,-6405.14,-6405.14
810,8.1,-6450.69,-6450.69
811,8.11,-6485.67,-6485.67
812,8.12,-6509.93,-6509.93
813,8.13,-6523.38,-6523.38
814,8.14,-6525.94,-6525.94
815,8.15,-6517.56,-6517.56
816,8.16,-6498.22,-6498.22
817,8.17,-6467.95,-6467.94
818,8.18,-6426.77,-6426.77
819,8.19,-6374.76,-6374.76
820,8.2,-6312.03,-6312.03
821,8.21,-6238.7,-6238.7
822,8.22,-6154.93,-6154.92
823,8.23,-6060.9,-6060.9
824,8.24,-5956.83,-5956.83
825,8.25,-5842.95,-5842.95
826,8.26,-5719.54,-5719.54
827,8.27,-5586.89,-5586.88
828,8.28,-5445.29,-5445.29
829,8.29,-5295.11,-5295.11
830,8.3,-5136.69,-5136.69
831,8.31,-4970.42,-4970.42
832,8.32,-4796.7,-4796.7
833,8.33,-4615.95,-4615.95
834,8.34,-4428.62,-4428.62
835,8.35,-4235.15,-4235.15
836,8.36,-4036.03,-4036.03
837,8.37,-3831.73,-3831.73
838,8.38,-3622.76,-3622.76
839,8.39,-3409.63,-3409.63
840,8.4,-3192.86,-3192.86
841,8.41,-2972.98,-2972.97
842,8.42,-2750.52,-2750.52
843,8.43,-2526.03,-2526.03
844,8.44,-2300.06,-2300.06
845,8.45,-2073.15,-2073.15
846,8.46,-1845.86,-1845.86
847,8.47,-1618.74,-1618.74
848,8.48,-1392.34,-1392.34
849,8.49,-1167.21,-1167.21
850,8.5,-943.882,-943.882
851,8.51,-722.901,-722.901
852,8.52,-504.793,-504.794
853,8.53,-290.079,-290.08
854,8.54,-79.2689,-79.27
855,8.55,127.139,127.138
856,8.56,328.659,328.658
857,8.57,524.821,524.819
858,8.58,715.166,715.165
859,8.59,899.257,899.255
860,8.6,1076.67,1076.67
861,8.61,1247,1247
862,8.62,1409.87,1409.87
863,8.63,1564.92,1564.92
864,8.64,1711.8,1711.79
865,8.65,1850.19,1850.19
866,8.66,1979.8,1979.8
867,8.67,2100.36,2100.36
868,8.68,2211.62,2211.62
869,8.69,2313.37,2313.37
870,8.7,2405.41,2405.41
871,8.71,2487.56,2487.56
872,8.72,2559.7,2559.69
873,8.73,2621.69,2621.69
874,8.74,2673.47,2673.47
875,8.75,2714.96,2714.96
876,8.76,2746.14,2746.14
877,8.77,2767,2767
878,8.78,2777.57,2777.57
879,8.79,2777.89,2777.89
880,8.8,2768.05,2768.04
881,8.81,2748.14,2748.14
882,8.82,2718.31,2718.3
883,8.83,2678.7,2678.7
884,8.84,2629.5,2629.5
885,8.85,2570.93,2570.93
886,8.86,2503.21,2503.21
887,8.87,2426.6,2426.6
888,8.88,2341.39,2341.38
889,8.89,2247.86,2247.86
890,8.9,2146.36,2146.35
891,8.91,2037.21,2037.21
892,8.92,1920.79,1920.79
893,8.93,1797.48,1797.48
894,8.94,1667.68,1667.68
895,8.95,1531.8,1531.8
896,8.96,1390.28,1390.28
897,8.97,1243.56,1243.56
898,8.98,1092.1,1092.1
899,8.99,936.367,936.366
900,9,776.841,776.84
901,9.01,614.011,614.01
902,9.02,448.372,448.372
903,9.03,280.427,280.427
904,9.04,110.683,110.682
905,9.05,-60.3515,-60.3515
906,9.06,-232.163,-232.163
907,9.07,-404.239,-404.239
908,9.08,-576.069,-576.068
909,9.09,-747.141,-747.141
910,9.1,-916.951,-916.95
911,9.11,-1085,-1085
912,9.12,-1250.78,-1250.78
913,9.13,-1413.82,-1413.82
914,9.14,-1573.63,-1573.63
915,9.15,-1729.75,-1729.75
916,9.16,-1881.72,-1881.72
917,9.17,-2029.09,-2029.09
918,9.18,-2171.43,-2171.43
919,9.19,-2308.33,-2308.33
920,9.2,-2439.39,-2439.39
921,9.21,-2564.22,-2564.22
922,9.22,-2682.46,-2682.46
923,9.23,-2793.77,-2793.77
924,9.24,-2897.81,-2897.81
925,9.25,-2994.28,-2994.28
926,9.26,-3082.91,-3082.9
927,9.27,-3163.41,-3163.41
928,9.28,-3235.57,-3235.56
929,9.29,-3299.15,-3299.15
930,9.3,-3353.98,-3353.98
931,9.31,-3399.88,-3399.87
932,9.32,-3436.71,-3436.7
933,9.33,-3464.35,-3464.35
934,9.34,-3482.72,-3482.71
935,9.35,-3491.74,-3491.74
936,9.36,-3491.38,-3491.38
937,9.37,-3481.62,-3481.62
938,9.38,-3462.48,-3462.47
939,9.39,-3433.98,-3433.98
940,9.4,-3396.2,-3396.2
941,9.41,-3349.22,-3349.22
942,9.42,-3293.16,-3293.16
943,9.43,-3228.15,-3228.14
944,9.44,-3154.35,-3154.35
945,9.45,-3071.95,-3071.95
946,9.46,-2981.16,-2981.16
947,9.47,-2882.21,-2882.21
948,9.48,-2775.36,-2775.36
949,9.49,-2660.87,-2660.87
950,9.5,-2539.05,-2539.05
951,9.51,-2410.21,-2410.21
952,9.52,-2274.68,-2274.68
953,9.53,-2132.81,-2132.81
954,9.54,-1984.98,-1984.98
955,9.55,-1831.56,-1831.55
956,9.56,-1672.95,-1672.95
957,9.57,-1509.56,-1509.56
958,9.58,-1341.83,-1341.83
959,9.59,-1170.18,-1170.17
960,9.6,-995.054,-995.053
961,9.61,-816.917,-816.916
962,9.62,-636.225,-636.224
963,9.63,-453.447,-453.447
964,9.64,-269.057,-269.056
965,9.65,-83.5302,-83.5301
966,9.66,102.653,102.653
967,9.67,289.012,289.011
968,9.68,475.066,475.066
969,9.69,660.337,660.337
970,9.7,844.349,844.349
971,9.71,1026.63,1026.63
972,9.72,1206.71,1206.71
973,9.73,1384.13,1384.13
974,9.74,1558.45,1558.45
975,9.75,1729.2,1729.2
976,9.76,1895.97,1895.97
977,9.77,2058.33,2058.33
978,9.78,2215.87,2215.87
979,9.79,2368.19,2368.19
980,9.8,2514.92,2514.91
981,9.81,2655.68,2655.68
982,9.82,2790.12,2790.12
983,9.83,2917.93,2917.93
984,9.84,3038.77,3038.77
985,9.85,3152.36,3152.36
986,9.86,3258.42,3258.42
987,9.87,3356.7,3356.7
988,9.88,3446.96,3446.96
989,9.89,3528.99,3528.99
990,9.9,3602.61,3602.61
991,9.91,3667.64,3667.64
992,9.92,3723.95,3723.95
993,9.93,3771.42,3771.41
994,9.94,3809.94,3809.94
995,9.95,3839.45,3839.45
996,9.96,3859.9,3859.9
997,9.97,3871.27,3871.27
998,9.98,3873.55,3873.55
999,9.99,3866.78,3866.78
1000,10,3851,3851
1001,10.01,3826.29,3826.29
1002,10.02,3792.74,3792.74
1003,10.03,3750.47,3750.47
1004,10.04,3699.63,3699.63
1005,10.05,3640.38,3640.38
1006,10.06,3572.91,3572.91
1007,10.07,3497.44,3497.43
1008,10.08,3414.18,3414.18
1009,10.09,3323.39,3323.39
1010,10.1,3225.35,3225.34
1011,10.11,3120.33,3120.33
1012,10.12,3008.66,3008.65
1013,10.13,2890.64,2890.64
1014,10.14,2766.63,2766.63
1015,10.15,2636.97,2636.97
1016,10.16,2502.05,2502.04
1017,10.17,2362.23,2362.23
1018,10.18,2217.92,2217.92
1019,10.19,2069.52,2069.52
1020,10.2,1917.45,1917.45
1021,10.21,1762.13,1762.13
1022,10.22,1604,1604
1023,10.23,1443.5,1443.5
1024,10.24,1281.07,1281.07
1025,10.25,1117.16,1117.16
1026,10.26,952.217,952.217
1027,10.27,786.701,786.701
1028,10.28,621.063,621.063
1029,10.29,455.756,455.756
1030,10.3,291.231,291.232
1031,10.31,127.936,127.937
1032,10.32,-33.6862,-33.6856
1033,10.33,-193.198,-193.197
1034,10.34,-350.168,-350.168
1035,10.35,-504.174,-504.174
1036,10.36,-654.802,-654.801
1037,10.37,-801.649,-801.648
1038,10.38,-944.32,-944.319
1039,10.39,-1082.44,-1082.44
1040,10.4,-1215.63,-1215.63
1041,10.41,-1343.56,-1343.55
1042,10.42,-1465.87,-1465.86
1043,10.43,-1582.24,-1582.24
1044,10.44,-1692.38,-1692.38
1045,10.45,-1795.99,-1795.99
1046,10.46,-1892.81,-1892.81
1047,10.47,-1982.59,-1982.59
1048,10.48,-2065.09,-2065.09
1049,10.49,-2140.11,-2140.11
1050,10.5,-2207.46,-2207.45
1051,10.51,-2266.96,-2266.96
1052,10.52,-2318.49,-2318.48
1053,10.53,-2361.9,-2361.9
1054,10.54,-2397.1,-2397.1
1055,10.55,-2424.01,-2424.01
1056,10.56,-2442.58,-2442.58
1057,10.57,-2452.77,-2452.77
1058,10.58,-2454.57,-2454.56
1059,10.59,-2447.99,-2447.98
1060,10.6,-2433.06,-2433.06
1061,10.61,-2409.86,-2409.86
1062,10.62,-2378.45,-2378.45
1063,10.63,-2338.94,-2338.94
1064,10.64,-2291.45,-2291.45
1065,10.65,-2236.13,-2236.13
1066,10.66,-2173.15,-2173.14
1067,10.67,-2102.68,-2102.68
1068,10.68,-2024.95,-2024.95
1069,10.69,-1940.18,-1940.17
1070,10.7,-1848.6,-1848.6
1071,10.71,-1750.5,-1750.5
1072,10.72,-1646.14,-1646.14
1073,10.73,-1535.82,-1535.82
1074,10.74,-1419.87,-1419.86
1075,10.75,-1298.59,-1298.59
1076,10.76,-1172.35,-1172.35
1077,10.77,-1041.49,-1041.49
1078,10.78,-906.374,-906.373
1079,10.79,-767.387,-767.386
1080,10.8,-624.914,-624.914
1081,10.81,-479.352,-479.352
1082,10.82,-331.105,-331.105
1083,10.83,-180.583,-180.583
1084,10.84,-28.2036,-28.2033
1085,10.85,125.614,125.614
1086,10.86,280.444,280.444
1087,10.87,435.862,435.862
1088,10.88,591.441,591.441
1089,10.89,746.754,746.753
1090,10.9,901.374,901.374
1091,10.91,1054.88,1054.88
1092,10.92,1206.85,1206.85
1093,10.93,1356.88,1356.88
1094,10.94,1504.55,1504.55
1095,10.95,1649.46,1649.46
1096,10.96,1791.22,1791.22
1097,10.97,1929.44,1929.44
1098,10.98,2063.76,2063.76
1099,10.99,2193.8,2193.8
1100,11,2319.22,2319.22
1101,11.01,2439.68,2439.68
1102,11.02,2554.86,2554.86
1103,11.03,2664.44,2664.44
1104,11.04,2768.13,2768.13
1105,11.05,2865.66,2865.66
1106,11.06,2956.76,2956.76
1107,11.07,3041.2,3041.19
1108,11.08,3118.74,3118.74
1109,11.09,3189.19,3189.19
1110,11.1,3252.35,3252.35
1111,11.11,3308.07,3308.07
1112,11.12,3356.2,3356.19
1113,11.13,3396.6,3396.6
1114,11.14,3429.19,3429.18
1115,11.15,3453.87,3453.86
1116,11.16,3470.58,3470.58
1117,11.17,3479.29,3479.29
1118,11.18,3479.98,3479.98
1119,11.19,3472.65,3472.65
1120,11.2,3457.33,3457.33
1121,11.21,3434.06,3434.06
1122,11.22,3402.91,3402.91
1123,11.23,3363.97,3363.97
1124,11.24,3317.36,3317.36
1125,11.25,3263.19,3263.19
1126,11.26,3201.63,3201.63
1127,11.27,3132.84,3132.84
1128,11.28,3057.02,3057.02
1129,11.29,2974.36,2974.36
1130,11.3,2885.1,2885.1
1131,11.31,2789.49,2789.49
1132,11.32,2687.77,2687.77
1133,11.33,2580.23,2580.23
1134,11.34,2467.16,2467.16
1135,11.35,2348.86,2348.86
1136,11.36,2225.66,2225.66
1137,11.37,2097.88,2097.88
1138,11.38,1965.88,1965.88
1139,11.39,1830,1829.99
1140,11.4,1690.6,1690.6
1141,11.41,1548.07,1548.07
1142,11.42,1402.78,1402.78
1143,11.43,1255.12,1255.12
1144,11.44,1105.49,1105.49
1145,11.45,954.282,954.282
1146,11.46,801.896,801.896
1147,11.47,648.738,648.738
1148,11.48,495.214,495.214
1149,11.49,341.73,341.73
1150,11.5,188.69,188.69
1151,11.51,36.4973,36.4977
1152,11.52,-114.448,-114.447
1153,11.53,-263.749,-263.749
1154,11.54,-411.016,-411.016
1155,11.55,-555.865,-555.864
1156,11.56,-697.917,-697.916
1157,11.57,-836.804,-836.803
1158,11.58,-972.165,-972.164
1159,11.59,-1103.65,-1103.65
1160,11.6,-1230.92,-1230.92
1161,11.61,-1353.65,-1353.65
1162,11.62,-1471.53,-1471.53
1163,11.63,-1584.25,-1584.25
1164,11.64,-1691.53,-1691.53
1165,11.65,-1793.1,-1793.1
1166,11.66,-1888.7,-1888.7
1167,11.67,-1978.1,-1978.1
1168,11.68,-2061.07,-2061.07
1169,11.69,-2137.41,-2137.41
1170,11.7,-2206.94,-2206.94
1171,11.71,-2269.49,-2269.48
1172,11.72,-2324.9,-2324.9
1173,11.73,-2373.07,-2373.07
1174,11.74,-2413.87,-2413.86
1175,11.75,-2447.21,-2447.21
1176,11.76,-2473.04,-2473.04
1177,11.77,-2491.3,-2491.3
1178,11.78,-2501.97,-2501.97
1179,11.79,-2505.04,-2505.03
1180,11.8,-2500.52,-2500.52
1181,11.81,-2488.45,-2488.45
1182,11.82,-2468.89,-2468.89
1183,11.83,-2441.9,-2441.9
1184,11.84,-2407.6,-2407.59
1185,11.85,-2366.08,-2366.07
1186,11.86,-2317.48,-2317.48
1187,11.87,-2261.96,-2261.96
1188,11.88,-2199.69,-2199.69
1189,11.89,-2130.86,-2130.86
1190,11.9,-2055.67,-2055.67
1191,11.91,-1974.34,-1974.34
1192,11.92,-1887.13,-1887.12
1193,11.93,-1794.27,-1794.27
1194,11.94,-1696.05,-1696.05
1195,11.95,-1592.74,-1592.74
1196,11.96,-1484.64,-1484.64
1197,11.97,-1372.07,-1372.07
1198,11.98,-1255.33,-1255.33
1199,11.99,-1134.78,-1134.78
1200,12,-1010.73,-1010.73
1201,12.01,-883.559,-883.558
1202,12.02,-753.607,-753.607
1203,12.03,-621.245,-621.245
1204,12.04,-486.843,-486.843
1205,12.05,-350.777,-350.776
1206,12.06,-213.425,-213.425
1207,12.07,-75.1719,-75.1718
1208,12.08,63.6,63.6
1209,12.09,202.505,202.505
1210,12.1,341.16,341.16
1211,12.11,479.18,479.18
1212,12.12,616.185,616.185
1213,12.13,751.798,751.797
1214,12.14,885.645,885.645
1215,12.15,1017.36,1017.36
1216,12.16,1146.58,1146.58
1217,12.17,1272.95,1272.95
1218,12.18,1396.13,1396.13
1219,12.19,1515.78,1515.78
1220,12.2,1631.58,1631.58
1221,12.21,1743.21,1743.2
1222,12.22,1850.36,1850.36
1223,12.23,1952.74,1952.74
1224,12.24,2050.09,2050.09
1225,12.25,2142.13,2142.13
1226,12.26,2228.62,2228.62
1227,12.27,2309.32,2309.32
1228,12.28,2384.02,2384.02
1229,12.29,2452.52,2452.51
1230,12.3,2514.63,2514.63
1231,12.31,2570.19,2570.19
1232,12.32,2619.05,2619.05
1233,12.33,2661.08,2661.08
1234,12.34,2696.18,2696.17
1235,12.35,2724.24,2724.24
1236,12.36,2745.21,2745.2
1237,12.37,2759.01,2759.01
1238,12.38,2765.64,2765.63
1239,12.39,2765.06,2765.05
1240,12.4,2757.28,2757.28
1241,12.41,2742.33,2742.33
1242,12.42,2720.26,2720.26
1243,12.43,2691.12,2691.12
1244,12.44,2655,2655
1245,12.45,2612.01,2612.01
1246,12.46,2562.25,2562.25
1247,12.47,2505.88,2505.88
1248,12.48,2443.04,2443.04
1249,12.49,2373.91,2373.91
1250,12.5,2298.68,2298.68
1251,12.51,2217.56,2217.56
1252,12.52,2130.76,2130.76
1253,12.53,2038.52,2038.52
1254,12.54,1941.1,1941.1
1255,12.55,1838.76,1838.76
1256,12.56,1731.78,1731.78
1257,12.57,1620.44,1620.44
1258,12.58,1505.05,1505.05
1259,12.59,1385.93,1385.93
1260,12.6,1263.38,1263.38
1261,12.61,1137.75,1137.75
1262,12.62,1009.36,1009.36
1263,12.63,878.575,878.574
1264,12.64,745.733,745.732
1265,12.65,611.193,611.193
1266,12.66,475.316,475.316
1267,12.67,338.465,338.465
1268,12.68,201.006,201.006
1269,12.69,63.304,63.3041
1270,12.7,-74.2731,-74.2729
1271,12.71,-211.36,-211.359
1272,12.72,-347.592,-347.592
1273,12.73,-482.608,-482.608
1274,12.74,-616.052,-616.052
1275,12.75,-747.57,-747.57
1276,12.76,-876.816,-876.815
1277,12.77,-1003.45,-1003.45
1278,12.78,-1127.14,-1127.14
1279,12.79,-1247.55,-1247.55
1280,12.8,-1364.39,-1364.38
1281,12.81,-1477.33,-1477.33
1282,12.82,-1586.09,-1586.09
1283,12.83,-1690.38,-1690.38
1284,12.84,-1789.94,-1789.93
1285,12.85,-1884.5,-1884.5
1286,12.86,-1973.83,-1973.83
1287,12.87,-2057.69,-2057.69
1288,12.88,-2135.88,-2135.88
1289,12.89,-2208.19,-2208.19
1290,12.9,-2274.44,-2274.44
1291,12.91,-2334.48,-2334.47
1292,12.92,-2388.14,-2388.14
1293,12.93,-2435.3,-2435.3
1294,12.94,-2475.85,-2475.85
1295,12.95,-2509.69,-2509.69
1296,12.96,-2536.75,-2536.75
1297,12.97,-2556.96,-2556.96
1298,12.98,-2570.29,-2570.29
1299,12.99,-2576.71,-2576.71
1300,13,-2576.23,-2576.23
1301,13.01,-2568.86,-2568.85
1302,13.02,-2554.63,-2554.62
1303,13.03,-2533.59,-2533.59
1304,13.04,-2505.82,-2505.82
1305,13.05,-2471.42,-2471.41
1306,13.06,-2430.47,-2430.47
1307,13.07,-2383.11,-2383.11
1308,13.08,-2329.48,-2329.48
1309,13.09,-2269.74,-2269.74
1310,13.1,-2204.07,-2204.07
1311,13.11,-2132.64,-2132.64
1312,13.12,-2055.67,-2055.67
1313,13.13,-1973.38,-1973.38
1314,13.14,-1886.01,-1886
1315,13.15,-1793.79,-1793.78
1316,13.16,-1696.98,-1696.98
1317,13.17,-1595.87,-1595.87
1318,13.18,-1490.74,-1490.73
1319,13.19,-1381.87,-1381.86
1320,13.2,-1269.56,-1269.56
1321,13.21,-1154.14,-1154.14
1322,13.22,-1035.93,-1035.93
1323,13.23,-915.236,-915.235
1324,13.24,-792.405,-792.405
1325,13.25,-667.774,-667.774
1326,13.26,-541.683,-541.683
1327,13.27,-414.479,-414.479
1328,13.28,-286.51,-286.51
1329,13.29,-158.125,-158.125
1330,13.3,-29.6752,-29.6753
1331,13.31,98.4906,98.4905
1332,13.32,226.024,226.023
1333,13.33,352.578,352.577
1334,13.34,477.81,477.809
1335,13.35,601.381,601.38
1336,13.36,722.957,722.957
1337,13.37,842.212,842.211
1338,13.38,958.822,958.821
1339,13.39,1072.48,1072.48
1340,13.4,1182.87,1182.87
1341,13.41,1289.7,1289.7
1342,13.42,1392.69,1392.69
1343,13.43,1491.57,1491.57
1344,13.44,1586.06,1586.06
1345,13.45,1675.93,1675.93
1346,13.46,1760.92,1760.92
1347,13.47,1840.82,1840.82
1348,13.48,1915.42,1915.42
1349,13.49,1984.52,1984.52
1350,13.5,2047.94,2047.93
1351,13.51,2105.51,2105.51
1352,13.52,2157.09,2157.09
1353,13.53,2202.55,2202.55
1354,13.54,2241.77,2241.77
1355,13.55,2274.65,2274.65
1356,13.56,2301.11,2301.11
1357,13.57,2321.09,2321.09
1358,13.58,2334.54,2334.54
1359,13.59,2341.43,2341.43
1360,13.6,2341.76,2341.76
1361,13.61,2335.53,2335.53
1362,13.62,2322.76,2322.76
1363,13.63,2303.51,2303.51
1364,13.64,2277.82,2277.82
1365,13.65,2245.78,2245.78
1366,13.66,2207.48,2207.48
1367,13.67,2163.04,2163.04
1368,13.68,2112.58,2112.58
1369,13.69,2056.24,2056.24
1370,13.7,1994.19,1994.19
1371,13.71,1926.6,1926.6
1372,13.72,1853.67,1853.67
1373,13.73,1775.58,1775.58
1374,13.74,1692.58,1692.57
1375,13.75,1604.87,1604.87
1376,13.76,1512.71,1512.71
1377,13.77,1416.36,1416.36
1378,13.78,1316.07,1316.07
1379,13.79,1212.13,1212.13
1380,13.8,1104.81,1104.81
1381,13.81,994.424,994.423
1382,13.82,881.261,881.26
1383,13.83,765.634,765.633
1384,13.84,647.858,647.858
1385,13.85,528.256,528.255
1386,13.86,407.151,407.151
1387,13.87,284.874,284.874
1388,13.88,161.756,161.756
1389,13.89,38.1312,38.1312
1390,13.9,-85.6661,-85.666
1391,13.91,-209.301,-209.301
1392,13.92,-332.44,-332.44
1393,13.93,-454.751,-454.751
1394,13.94,-575.904,-575.904
1395,13.95,-695.575,-695.574
1396,13.96,-813.441,-813.441
1397,13.97,-929.187,-929.186
1398,13.98,-1042.5,-1042.5
1399,13.99,-1153.09,-1153.08
1400,14,-1260.64,-1260.64
1401,14.01,-1364.88,-1364.88
1402,14.02,-1465.53,-1465.53
1403,14.03,-1562.32,-1562.32
1404,14.04,-1654.99,-1654.99
1405,14.05,-1743.31,-1743.31
1406,14.06,-1827.03,-1827.03
1407,14.07,-1905.94,-1905.94
1408,14.08,-1979.83,-1979.83
1409,14.09,-2048.5,-2048.5
1410,14.1,-2111.79,-2111.79
1411,14.11,-2169.52,-2169.52
1412,14.12,-2221.55,-2221.55
1413,14.13,-2267.74,-2267.74
1414,14.14,-2307.98,-2307.98
1415,14.15,-2342.17,-2342.16
1416,14.16,-2370.21,-2370.21
1417,14.17,-2392.05,-2392.05
1418,14.18,-2407.63,-2407.63
1419,14.19,-2416.92,-2416.92
1420,14.2,-2419.91,-2419.91
1421,14.21,-2416.58,-2416.58
1422,14.22,-2406.97,-2406.97
1423,14.23,-2391.1,-2391.1
1424,14.24,-2369.02,-2369.02
1425,14.25,-2340.81,-2340.81
1426,14.26,-2306.54,-2306.54
1427,14.27,-2266.32,-2266.32
1428,14.28,-2220.26,-2220.26
1429,14.29,-2168.5,-2168.5
1430,14.3,-2111.18,-2111.18
1431,14.31,-2048.46,-2048.46
1432,14.32,-1980.53,-1980.53
1433,14.33,-1907.56,-1907.56
1434,14.34,-1829.77,-1829.77
1435,14.35,-1747.36,-1747.36
1436,14.36,-1660.58,-1660.58
1437,14.37,-1569.65,-1569.65
1438,14.38,-1474.83,-1474.83
1439,14.39,-1376.38,-1376.37
1440,14.4,-1274.56,-1274.56
1441,14.41,-1169.67,-1169.67
1442,14.42,-1061.98,-1061.97
1443,14.43,-951.782,-951.782
1444,14.44,-839.388,-839.387
1445,14.45,-725.098,-725.097
1446,14.46,-609.222,-609.222
1447,14.47,-492.075,-492.075
1448,14.48,-373.975,-373.975
1449,14.49,-255.241,-255.241
1450,14.5,-136.192,-136.192
1451,14.51,-17.1512,-17.1514
1452,14.52,101.562,101.562
1453,14.53,219.628,219.627
1454,14.54,336.729,336.729
1455,14.55,452.553,452.552
1456,14.56,566.788,566.788
1457,14.57,679.13,679.129
1458,14.58,789.278,789.277
1459,14.59,896.939,896.938
1460,14.6,1001.83,1001.83
1461,14.61,1103.66,1103.66
1462,14.62,1202.18,1202.18
1463,14.63,1297.11,1297.11
1464,14.64,1388.21,1388.21
1465,14.65,1475.24,1475.24
1466,14.66,1557.97,1557.97
1467,14.67,1636.18,1636.18
1468,14.68,1709.67,1709.67
1469,14.69,1778.25,1778.24
1470,14.7,1841.73,1841.73
1471,14.71,1899.97,1899.97
1472,14.72,1952.81,1952.8
1473,14.73,2000.11,2000.1
1474,14.74,2041.75,2041.75
1475,14.75,2077.64,2077.63
1476,14.76,2107.68,2107.68
1477,14.77,2131.8,2131.8
1478,14.78,2149.95,2149.95
1479,14.79,2162.08,2162.08
1480,14.8,2168.18,2168.18
1481,14.81,2168.24,2168.24
1482,14.82,2162.26,2162.26
1483,14.83,2150.27,2150.27
1484,14.84,2132.31,2132.31
1485,14.85,2108.45,2108.45
1486,14.86,2078.75,2078.75
1487,14.87,2043.31,2043.31
1488,14.88,2002.22,2002.22
1489,14.89,1955.62,1955.61
1490,14.9,1903.62,1903.62
1491,14.91,1846.39,1846.39
1492,14.92,1784.09,1784.09
1493,14.93,1716.89,1716.89
1494,14.94,1644.98,1644.98
1495,14.95,1568.57,1568.57
1496,14.96,1487.87,1487.87
1497,14.97,1403.1,1403.1
1498,14.98,1314.49,1314.49
1499,14.99,1222.31,1222.31
1500,15,1126.79,1126.79
1501,15.01,1028.21,1028.21
1502,15.02,926.838,926.838
1503,15.03,822.95,822.95
1504,15.04,716.833,716.833
1505,15.05,608.779,608.779
1506,15.06,499.083,499.083
1507,15.07,388.046,388.046
1508,15.08,275.97,275.97
1509,15.09,163.162,163.162
1510,15.1,49.9285,49.9285
1511,15.11,-63.4223,-63.4222
1512,15.12,-176.582,-176.582
1513,15.13,-289.245,-289.245
1514,15.14,-401.105,-401.105
1515,15.15,-511.859,-511.859
1516,15.16,-621.209,-621.208
1517,15.17,-728.858,-728.858
1518,15.18,-834.518,-834.518
1519,15.19,-937.904,-937.903
1520,15.2,-1038.74,-1038.74
1521,15.21,-1136.75,-1136.75
1522,15.22,-1231.67,-1231.67
1523,15.23,-1323.26,-1323.26
1524,15.24,-1411.26,-1411.26
1525,15.25,-1495.45,-1495.45
1526,15.26,-1575.59,-1575.59
1527,15.27,-1651.48,-1651.48
1528,15.28,-1722.91,-1722.91
1529,15.29,-1789.7,-1789.7
1530,15.3,-1851.67,-1851.67
1531,15.31,-1908.66,-1908.66
1532,15.32,-1960.51,-1960.51
1533,15.33,-2007.1,-2007.1
1534,15.34,-2048.3,-2048.3
1535,15.35,-2084.01,-2084.01
1536,15.36,-2114.14,-2114.13
1537,15.37,-2138.6,-2138.6
1538,15.38,-2157.35,-2157.35
1539,15.39,-2170.34,-2170.34
1540,15.4,-2177.53,-2177.53
1541,15.41,-2178.92,-2178.92
1542,15.42,-2174.51,-2174.5
1543,15.43,-2164.31,-2164.3
1544,15.44,-2148.35,-2148.35
1545,15.45,-2126.7,-2126.7
1546,15.46,-2099.41,-2099.41
1547,15.47,-2066.56,-2066.56
1548,15.48,-2028.25,-2028.25
1549,15.49,-1984.59,-1984.59
1550,15.5,-1935.69,-1935.69
1551,15.51,-1881.71,-1881.7
1552,15.52,-1822.78,-1822.78
1553,15.53,-1759.07,-1759.07
1554,15.54,-1690.77,-1690.77
1555,15.55,-1618.05,-1618.05
1556,15.56,-1541.13,-1541.13
1557,15.57,-1460.2,-1460.2
1558,15.58,-1375.51,-1375.5
1559,15.59,-1287.26,-1287.26
1560,15.6,-1195.72,-1195.72
1561,15.61,-1101.13,-1101.13
1562,15.62,-1003.75,-1003.75
1563,15.63,-903.838,-903.837
1564,15.64,-801.673,-801.673
1565,15.65,-697.532,-697.531
1566,15.66,-591.696,-591.696
1567,15.67,-484.454,-484.454
1568,15.68,-376.096,-376.096
1569,15.69,-266.914,-266.914
1570,15.7,-157.204,-157.204
1571,15.71,-47.2612,-47.2612
1572,15.72,62.6175,62.6174
1573,15.73,172.136,172.136
1574,15.74,281.001,281.001
1575,15.75,388.92,388.92
1576,15.76,495.603,495.603
1577,15.77,600.765,600.765
1578,15.78,704.124,704.124
1579,15.79,805.405,805.405
1580,15.8,904.338,904.337
1581,15.81,1000.66,1000.66
1582,15.82,1094.11,1094.11
1583,15.83,1184.45,1184.45
1584,15.84,1271.43,1271.43
1585,15.85,1354.83,1354.83
1586,15.86,1434.42,1434.42
1587,15.87,1510.01,1510
1588,15.88,1581.37,1581.37
1589,15.89,1648.34,1648.34
1590,15.9,1710.74,1710.74
1591,15.91,1768.4,1768.4
1592,15.92,1821.18,1821.18
1593,15.93,1868.94,1868.94
1594,15.94,1911.56,1911.56
1595,15.95,1948.93,1948.93
1596,15.96,1980.96,1980.96
1597,15.97,2007.57,2007.57
1598,15.98,2028.69,2028.69
1599,15.99,2044.28,2044.28
1600,16,2054.3,2054.3
1601,16.01,2058.73,2058.73
1602,16.02,2057.57,2057.57
1603,16.03,2050.83,2050.82
1604,16.04,2038.53,2038.53
1605,16.05,2020.72,2020.72
1606,16.06,1997.45,1997.45
1607,16.07,1968.79,1968.79
1608,16.08,1934.83,1934.83
1609,16.09,1895.67,1895.67
1610,16.1,1851.41,1851.41
1611,16.11,1802.2,1802.2
1612,16.12,1748.16,1748.16
1613,16.13,1689.45,1689.45
1614,16.14,1626.23,1626.23
1615,16.15,1558.69,1558.68
1616,16.16,1487,1487
1617,16.17,1411.38,1411.38
1618,16.18,1332.03,1332.02
1619,16.19,1249.16,1249.16
1620,16.2,1163.02,1163.02
1621,16.21,1073.83,1073.83
1622,16.22,981.846,981.846
1623,16.23,887.316,887.316
1624,16.24,790.501,790.5
1625,16.25,691.665,691.664
1626,16.26,591.078,591.078
1627,16.27,489.017,489.016
1628,16.28,385.758,385.758
1629,16.29,281.583,281.583
1630,16.3,176.776,176.776
1631,16.31,71.6212,71.6212
1632,16.32,-33.5963,-33.5963
1633,16.33,-138.591,-138.591
1634,16.34,-243.08,-243.079
1635,16.35,-346.779,-346.779
1636,16.36,-449.409,-449.409
1637,16.37,-550.694,-550.693
1638,16.38,-650.36,-650.359
1639,16.39,-748.139,-748.139
1640,16.4,-843.77,-843.769
1641,16.41,-936.995,-936.995
1642,16.42,-1027.57,-1027.56
1643,16.43,-1115.24,-1115.24
1644,16.44,-1199.78,-1199.78
1645,16.45,-1280.97,-1280.97
1646,16.46,-1358.58,-1358.58
1647,16.47,-1432.41,-1432.41
1648,16.48,-1502.28,-1502.27
1649,16.49,-1567.98,-1567.98
1650,16.5,-1629.35,-1629.35
1651,16.51,-1686.23,-1686.23
1652,16.52,-1738.47,-1738.47
1653,16.53,-1785.93,-1785.93
1654,16.54,-1828.49,-1828.49
1655,16.55,-1866.04,-1866.04
1656,16.56,-1898.48,-1898.48
1657,16.57,-1925.74,-1925.74
1658,16.58,-1947.74,-1947.74
1659,16.59,-1964.43,-1964.43
1660,16.6,-1975.77,-1975.77
1661,16.61,-1981.74,-1981.74
1662,16.62,-1982.33,-1982.33
1663,16.63,-1977.53,-1977.53
1664,16.64,-1967.38,-1967.38
1665,16.65,-1951.9,-1951.9
1666,16.66,-1931.14,-1931.14
1667,16.67,-1905.17,-1905.17
1668,16.68,-1874.05,-1874.05
1669,16.69,-1837.88,-1837.88
1670,16.7,-1796.77,-1796.77
1671,16.71,-1750.83,-1750.82
1672,16.72,-1700.18,-1700.18
1673,16.73,-1644.97,-1644.97
1674,16.74,-1585.36,-1585.36
1675,16.75,-1521.52,-1521.51
1676,16.76,-1453.6,-1453.6
1677,16.77,-1381.82,-1381.82
1678,16.78,-1306.36,-1306.36
1679,16.79,-1227.43,-1227.43
1680,16.8,-1145.26,-1145.26
1681,16.81,-1060.06,-1060.05
1682,16.82,-972.063,-972.062
1683,16.83,-881.52,-881.519
1684,16.84,-788.674,-788.673
1685,16.85,-693.778,-693.778
1686,16.86,-597.091,-597.091
1687,16.87,-498.877,-498.877
1688,16.88,-399.402,-399.402
1689,16.89,-298.936,-298.936
1690,16.9,-197.752,-197.751
1691,16.91,-96.1229,-96.1228
1692,16.92,5.67529,5.67524
1693,16.93,107.368,107.368
1694,16.94,208.68,208.68
1695,16.95,309.339,309.339
1696,16.96,409.074,409.074
1697,16.97,507.617,507.617
1698,16.98,604.702,604.702
1699,16.99,700.07,700.07
1700,17,793.465,793.464
1701,17.01,884.636,884.612
1702,17.02,973.342,973.235
1703,17.03,1059.34,1059.08
1704,17.04,1142.41,1141.91
1705,17.05,1222.33,1221.5
1706,17.06,1298.88,1297.61
1707,17.07,1371.86,1370.03
1708,17.08,1441.09,1438.58
1709,17.09,1506.37,1503.04
1710,17.1,1567.53,1563.26
1711,17.11,1624.42,1619.07
1712,17.12,1676.88,1670.31
1713,17.13,1724.79,1716.86
1714,17.14,1768,1758.58
1715,17.15,1806.43,1795.38
1716,17.16,1839.96,1827.16
1717,17.17,1868.51,1853.84
1718,17.18,1892.01,1875.36
1719,17.19,1910.4,1891.68
1720,17.2,1923.65,1902.76
1721,17.21,1931.71,1908.6
1722,17.22,1934.57,1909.18
1723,17.23,1932.24,1904.53
1724,17.24,1924.72,1894.68
1725,17.25,1912.04,1879.68
1726,17.26,1894.24,1859.58
1727,17.27,1871.38,1834.47
1728,17.28,1843.52,1804.44
1729,17.29,1810.74,1769.59
1730,17.3,1773.15,1730.04
1731,17.31,1730.83,1685.93
1732,17.32,1683.93,1637.4
1733,17.33,1632.56,1584.61
1734,17.34,1576.87,1527.74
1735,17.35,1517.02,1466.97
1736,17.36,1453.17,1402.48
1737,17.37,1385.5,1334.48
1738,17.38,1314.2,1263.19
1739,17.39,1239.46,1188.83
1740,17.4,1161.5,1111.62
1741,17.41,1080.52,1031.8
1742,17.42,996.748,949.625
1743,17.43,910.412,865.332
1744,17.44,821.75,779.179
1745,17.45,731.003,691.425
1746,17.46,638.42,602.331
1747,17.47,544.251,512.16
1748,17.48,448.754,421.18
1749,17.49,352.189,329.657
1750,17.5,254.816,237.857
1751,17.51,156.901,146.047
1752,17.52,58.709,54.4908
1753,17.53,-39.4953,-36.5501
1754,17.54,-137.446,-126.817
1755,17.55,-234.879,-216.054
1756,17.56,-331.531,-304.013
1757,17.57,-427.142,-390.449
1758,17.58,-521.456,-475.124
1759,17.59,-614.218,-557.806
1760,17.6,-705.18,-638.273
1761,17.61,-794.098,-716.308
1762,17.62,-880.735,-791.706
1763,17.63,-964.858,-864.269
1764,17.64,-1046.24,-933.81
1765,17.65,-1124.67,-1000.15
1766,17.66,-1199.94,-1063.13
1767,17.67,-1271.85,-1122.6
1768,17.68,-1340.2,-1178.4
1769,17.69,-1404.82,-1230.41
1770,17.7,-1465.53,-1278.51
1771,17.71,-1522.19,-1322.6
1772,17.72,-1574.63,-1362.59
1773,17.73,-1622.72,-1398.39
1774,17.74,-1666.33,-1429.94
1775,17.75,-1705.36,-1457.19
1776,17.76,-1739.71,-1480.1
1777,17.77,-1769.28,-1498.64
1778,17.78,-1794,-1512.81
1779,17.79,-1813.81,-1522.6
1780,17.8,-1828.66,-1528.03
1781,17.81,-1838.52,-1529.12
1782,17.82,-1843.37,-1525.92
1783,17.83,-1843.2,-1518.48
1784,17.84,-1838.02,-1506.87
1785,17.85,-1827.84,-1491.16
1786,17.86,-1812.7,-1471.45
1787,17.87,-1792.64,-1447.82
1788,17.88,-1767.73,-1420.4
1789,17.89,-1738.04,-1389.31
1790,17.9,-1703.65,-1354.67
1791,17.91,-1664.67,-1316.63
1792,17.92,-1621.2,-1275.34
1793,17.93,-1573.36,-1230.96
1794,17.94,-1521.29,-1183.65
1795,17.95,-1465.14,-1133.59
1796,17.96,-1405.06,-1080.95
1797,17.97,-1341.23,-1025.92
1798,17.98,-1273.8,-968.687
1799,17.99,-1202.98,-909.454
1800,18,-1128.96,-848.416
1801,18.01,-1051.93,-785.774
1802,18.02,-972.124,-721.734
1803,18.03,-889.747,-656.502
1804,18.04,-805.027,-590.286
1805,18.05,-718.197,-523.293
1806,18.06,-629.493,-455.732
1807,18.07,-539.158,-387.81
1808,18.08,-447.437,-319.733
1809,18.09,-354.581,-251.703
1810,18.1,-260.841,-183.923
1811,18.11,-166.472,-116.588
1812,18.12,-71.7307,-49.8924
1813,18.13,23.1271,15.9747
1814,18.14,117.844,80.83
1815,18.15,212.165,144.495
1816,18.16,305.835,206.798
1817,18.17,398.602,267.574
1818,18.18,490.214,326.664
1819,18.19,580.427,383.917
1820,18.2,668.996,439.191
1821,18.21,755.686,492.35
1822,18.22,840.263,543.268
1823,18.23,922.5,591.829
1824,18.24,1002.18,637.923
1825,18.25,1079.09,681.451
1826,18.26,1153.01,722.325
1827,18.27,1223.77,760.464
1828,18.28,1291.17,795.799
1829,18.29,1355.02,828.27
1830,18.3,1415.17,857.826
1831,18.31,1471.44,884.427
1832,18.32,1523.7,908.043
1833,18.33,1571.81,928.655
1834,18.34,1615.64,946.252
1835,18.35,1655.08,960.832
1836,18.36,1690.02,972.406
1837,18.37,1720.38,980.992
1838,18.38,1746.08,986.616
1839,18.39,1767.05,989.316
1840,18.4,1783.24,989.137
1841,18.41,1794.62,986.132
1842,18.42,1801.15,980.364
1843,18.43,1802.83,971.902
1844,18.44,1799.65,960.823
1845,18.45,1791.63,947.211
1846,18.46,1778.8,931.157
1847,18.47,1761.19,912.757
1848,18.48,1738.87,892.115
1849,18.49,1711.88,869.339
1850,18.5,1680.32,844.542
1851,18.51,1644.26,817.84
1852,18.52,1603.82,789.357
1853,18.53,1559.11,759.216
1854,18.54,1510.25,727.545
1855,18.55,1457.38,694.475
1856,18.56,1400.64,660.14
1857,18.57,1340.19,624.671
1858,18.58,1276.21,588.206
1859,18.59,1208.86,550.878
1860,18.6,1138.34,512.825
1861,18.61,1064.83,474.182
1862,18.62,988.533,435.083
1863,18.63,909.666,395.661
1864,18.64,828.441,356.049
1865,18.65,745.08,316.375
1866,18.66,659.811,276.767
1867,18.67,572.865,237.348
1868,18.68,484.479,198.24
1869,18.69,394.893,159.558
1870,18.7,304.351,121.417
1871,18.71,213.097,83.9248
1872,18.72,121.38,47.1853
1873,18.73,29.4476,11.2978
1874,18.74,-62.4522,-23.6437
1875,18.75,-154.071,-57.5506
1876,18.76,-245.162,-90.3399
1877,18.77,-335.479,-121.934
1878,18.78,-424.78,-152.263
1879,18.79,-512.824,-181.259
1880,18.8,-599.374,-208.865
1881,18.81,-684.2,-235.028
1882,18.82,-767.073,-259.7
1883,18.83,-847.772,-282.842
1884,18.84,-926.082,-304.419
1885,18.85,-1001.79,-324.404
1886,18.86,-1074.7,-342.776
1887,18.87,-1144.62,-359.519
1888,18.88,-1211.36,-374.625
1889,18.89,-1274.73,-388.09
1890,18.9,-1334.59,-399.917
1891,18.91,-1390.76,-410.115
1892,18.92,-1443.11,-418.699
1893,18.93,-1491.48,-425.687
1894,18.94,-1535.77,-431.105
1895,18.95,-1575.84,-434.983
1896,18.96,-1611.6,-437.355
1897,18.97,-1642.96,-438.26
1898,18.98,-1669.83,-437.742
1899,18.99,-1692.16,-435.848
1900,19,-1709.87,-432.629
1901,19.01,-1722.93,-428.14
1902,19.02,-1731.32,-422.439
1903,19.03,-1735,-415.585
1904,19.04,-1733.99,-407.642
1905,19.05,-1728.28,-398.675
1906,19.06,-1717.89,-388.751
1907,19.07,-1702.86,-377.939
1908,19.08,-1683.24,-366.309
1909,19.09,-1659.08,-353.931
1910,19.1,-1630.45,-340.878
1911,19.11,-1597.43,-327.222
1912,19.12,-1560.13,-313.033
1913,19.13,-1518.64,-298.385
1914,19.14,-1473.08,-283.349
1915,19.15,-1423.57,-267.995
1916,19.16,-1370.27,-252.392
1917,19.17,-1313.3,-236.609
1918,19.18,-1252.85,-220.713
1919,19.19,-1189.06,-204.769
1920,19.2,-1122.11,-188.838
1921,19.21,-1052.2,-172.983
1922,19.22,-979.505,-157.261
1923,19.23,-904.234,-141.728
1924,19.24,-826.591,-126.438
1925,19.25,-746.788,-111.439
1926,19.26,-665.044,-96.7806
1927,19.27,-581.58,-82.5054
1928,19.28,-496.626,-68.6546
1929,19.29,-410.411,-55.2658
1930,19.3,-323.172,-42.3731
1931,19.31,-235.143,-30.0075
1932,19.32,-146.565,-18.1963
1933,19.33,-57.6772,-6.96341
1934,19.34,31.2795,3.67066
1935,19.35,120.065,13.6889
1936,19.36,208.438,23.0775
1937,19.37,296.162,31.8263
1938,19.38,382.999,39.9282
1939,19.39,468.715,47.3795
1940,19.4,553.08,54.1794
1941,19.41,635.868,60.3304
1942,19.42,716.855,65.8377
1943,19.43,795.826,70.7094
1944,19.44,872.568,74.9563
1945,19.45,946.875,78.5916
1946,19.46,1018.55,81.6311
1947,19.47,1087.4,84.0926
1948,19.48,1153.25,85.996
1949,19.49,1215.91,87.3633
1950,19.5,1275.23,88.2178
1951,19.51,1331.04,88.5848
1952,19.52,1383.2,88.4905
1953,19.53,1431.57,87.9627
1954,19.54,1476.02,87.0299
1955,19.55,1516.44,85.7215
1956,19.56,1552.72,84.0674
1957,19.57,1584.78,82.0982
1958,19.58,1612.51,79.8444
1959,19.59,1635.86,77.3369
1960,19.6,1654.77,74.6062
1961,19.61,1669.19,71.6828
1962,19.62,1679.08,68.5967
1963,19.63,1684.43,65.3771
1964,19.64,1685.22,62.0529
1965,19.65,1681.45,58.6517
1966,19.66,1673.15,55.2003
1967,19.67,1660.33,51.7245
1968,19.68,1643.04,48.2485
1969,19.69,1621.32,44.7956
1970,19.7,1595.25,41.3872
1971,19.71,1564.89,38.0436
1972,19.72,1530.34,34.7833
1973,19.73,1491.68,31.6231
1974,19.74,1449.03,28.5782
1975,19.75,1402.51,25.662
1976,19.76,1352.24,22.8863
1977,19.77,1298.37,20.2607
1978,19.78,1241.04,17.7936
1979,19.79,1180.42,15.491
1980,19.8,1116.67,13.3577
1981,19.81,1049.97,11.3963
1982,19.82,980.493,9.60804
1983,19.83,908.438,7.99225
1984,19.84,833.999,6.54681
1985,19.85,757.38,5.26806
1986,19.86,678.791,4.15086
1987,19.87,598.446,3.18871
1988,19.88,516.563,2.37383
1989,19.89,433.366,1.69729
1990,19.9,349.081,1.14905
1991,19.91,263.935,0.718141
1992,19.92,178.161,0.392722
1993,19.93,91.9905,0.160242
1994,19.94,5.65655,0.00754508
1995,19.95,-80.6072,-0.0790025
1996,19.96,-166.568,-0.113381
1997,19.97,-251.994,-0.109787
1998,19.98,-336.654,-0.0825082
1999,19.99,-420.321,-0.0457859
2000,20,-502.77,-0.0136922
